{
  "title": "Добро пожаловать в SimpleLineCMS",
  "sections": [
    {
      "type": "hero",
      "data": {
        "headline": "Создай свой сайт за 5 минут",
        "subheadline": "Простая CMS для одностраничных сайтов",
        "button_text": "Начать сейчас",
        "button_link": "#start"
      }
    },
    {
      "type": "text",
      "data": {
        "title": "Что такое SimpleLineCMS?",
        "content": "Это минималистичная система управления контентом, которая не требует баз данных. Всё просто: добавляй секции, сохраняй и публикуй!"
      }
    },
    {
      "type": "image",
      "data": {
        "src": "assets/example.jpg",
        "alt": "Пример работы",
        "caption": "Полная адаптивность и простота"
      }
    }
  ]
}